{
    "ridge": {
        "file": "ridge_model.pkl",
        "description": "Ridge Regression - Linear model with L2 regularization",
        "best_params": {
            "regressor__alpha": 1.0
        },
        "metrics": {
            "mse": 0.03867321293118427,
            "rmse": 0.1966550607820309,
            "mae": 0.1553228977851695,
            "r2": 0.9532329330407631
        }
    },
    "elasticnet": {
        "file": "elasticnet_model.pkl",
        "description": "ElasticNet - Linear model with L1 and L2 regularization",
        "best_params": {
            "regressor__alpha": 0.001,
            "regressor__l1_ratio": 0.5
        },
        "metrics": {
            "mse": 0.03869744956030466,
            "rmse": 0.19671667331546824,
            "mae": 0.15534094560128286,
            "r2": 0.9532036239668323
        }
    },
    "svr": {
        "file": "svr_model.pkl",
        "description": "Support Vector Regressor - Kernel-based regression",
        "best_params": {
            "regressor__C": 1,
            "regressor__epsilon": 0.1,
            "regressor__kernel": "linear"
        },
        "metrics": {
            "mse": 0.03894896986120141,
            "rmse": 0.19735493371385832,
            "mae": 0.15585310568018795,
            "r2": 0.9528994633899861
        }
    }
}